rid,tpl,pta,ptd,wta,wtp,wtd,arr_et,arr_wet,arr_atRemoved,pass_et,pass_wet,pass_atRemoved,dep_et,dep_wet,dep_atRemoved,arr_at,pass_at,dep_at,cr_code,lr_code
202004128152486,WATRLMN,,08:35,,,08:35,,,,,,,,,false,,,08:34,,
202004128152486,VAUXHLM,,,,08:37,,,,,,,false,,,,,08:37,,,
202004128152486,CLPHMJM,,08:45,08:44,,08:45,,,false,,,,,,false,08:42,,08:45,,
202004128152486,ERLFLD,,,,08:48,,,,,08:47,,false,,,,,,,,
202004128152486,WDON,,,,08:52,,,,,,,false,,,,,08:48,,,
202004128152486,RAYNSPK,,,,08:53,,,,,08:49,,false,,,,,,,,
202004128152486,NEWMLDN,,,,08:55,,,,,,,false,,,,,08:51,,,
202004128152486,SURBITN,,,,08:57,,,,,,,false,,,,,08:51,,,
202004128152486,BRLANDS,,,,08:56,,,,,,,false,,,,,08:51,,,
202004128152486,HCRTJN,,,,08:58:30,,,,,,,false,,,,,08:52,,,
202004128152486,ESHER,,,,08:59,,,,,,,false,,,,,08:53,,,
202004128152486,HERSHAM,,,,09:00,,,,,,,false,,,,,08:55,,,
202004128152486,WONT,,,,09:01,,,,,,,false,,,,,08:55,,,
202004128152486,WEYBDGE,,,,09:03:30,,,,,,,false,,,,,08:58,,,
202004128152486,BYFLANH,,,,09:04,,,,,08:58,,false,,,,,,,,
202004128152486,WBYFLET,,,,09:05,,,,,,,false,,,,,08:59,,,
202004128152486,WOKING,09:08,09:09,09:08,,09:09:30,,,false,,,,,,false,09:04,,09:08,,
202004128152486,WOKINGJ,,,,09:10:30,,,,,,,false,,,,,09:09,,,
202004128152486,FRBRMN,,,,09:17,,,,,,,false,,,,,09:15,,,
202004128152486,FLEET,,,,09:19,,,,,,,false,,,,,09:17,,,
202004128152486,WNCFILD,,,,09:21,,,,,,,false,,,,,09:19,,,
202004128152486,HOOK,,,,09:23,,,,,,,false,,,,,09:21,,,
202004128152486,BSNGSTK,09:28,09:29,09:27:30,,09:29:30,,,false,,,,,,false,09:26,,09:28,,
202004128152486,WRTINGJ,,,,09:33,,,,,,,false,,,,,09:32,,,
202004128152486,MCHLDVR,,,,09:39,,,,,,,false,,,,,09:38,,,
202004128152486,WALRSAL,,,,09:41,,,,,09:40,,false,,,,,,,,
202004128152486,WNCHSTR,09:45,09:46,09:44:30,,09:46,,,false,,,,,,false,09:44,,09:45,,
202004128152486,SHAWFDJ,,,,09:49,,,,,09:48,,false,,,,,,,,
202004128152486,SHAWFD,,,,09:49:30,,,,,,,false,,,,,09:49,,,
202004128152486,ELGH,,,,09:52,,,,,,,false,,,,,09:51,,,
202004128152486,SOTPKWY,09:54,09:55,09:53:30,,09:55,,,false,,,,,,false,09:54,,09:55,,
202004128152486,SWYTHLN,,,,09:56,,,,,,,false,,,,,09:56,,,
202004128152486,STDENYS,,,,09:58,,,,,,,false,,,,,09:58,,,
202004128152486,NTHMJN,,,,09:59,,,,,,,false,,,,,09:59,,,
202004128152486,SOTON,10:02,10:03,10:01:30,,10:03:30,,,false,,,,,,false,10:01,,10:02,,
202004128152486,REDBDGE,,,,10:07,,,,,,,false,,,,,10:06,,,
202004128152486,TOTTON,,,,10:07:30,,,,,,,false,,,,,10:08,,,
202004128152486,LYNDHRD,,,,10:10,,,,,,,false,,,,,10:11,,,
202004128152486,BLIEURD,,,,10:12,,,,,,,false,,,,,10:14,,,
202004128152486,BKNHRST,10:17,10:18,10:16:30,,10:18,,,false,,,,,,false,10:18,,10:19,,
202004128152486,SWAY,,,,10:20,,,,,,,false,,,,,10:22,,,
202004128152486,NMILTON,10:24,10:25,10:24,,10:25,,,false,,,,,,false,10:25,,10:25,,
202004128152486,HINTONA,,,,10:27,,,,,,,false,,,,,10:27,,,
202004128152486,CHRISTC,,,,10:30,,,,,,,false,,,,,10:30,,,
202004128152486,BOMO,10:35,10:39,10:34:30,,10:39,,,false,,,,,,false,10:35,,10:38,,
202004128152486,BRANKSM,10:44,10:44,10:43:30,,10:44,,,false,,,,,,false,10:43,,10:44,,
202004128152486,PSTONE,10:47,10:47,10:46:30,,10:47,,,false,,,,,,false,10:46,,10:47,,
202004128152486,POOLE,10:50,10:51,10:50,,10:51:30,,,false,,,,,,false,10:50,,10:52,,
202004128152486,HMWTHY,10:56,10:56,10:55:30,,10:56:30,,,false,,,,,,false,10:55,,10:56,,
202004128152486,HOLTONH,,,,10:59,,,,,,,false,,,,,10:59,,,
202004128152486,WARHAM,11:02,11:03,11:02,,11:03:30,,,false,,,,,,false,11:01,,11:02,,
202004128152486,WOOL,11:09,11:10,11:09,,11:10,,,false,,,,,,false,11:07,,11:09,,
202004128152486,MORETON,11:16,11:16,11:15:30,,11:16:30,,,false,,,,,,false,11:13,,11:14,,
202004128152486,DRCHS,11:23,11:24,11:23,,11:24:30,,,false,,,,,,false,11:21,,11:23,,
202004128152486,DRCHJN,,,,11:25:30,,,,,11:24,,false,,,,,,,,
202004128152486,UPWEY,11:31,11:31,11:30:30,,11:31,,,false,,,,,,false,11:30,,11:30,,
202004128152486,WEYMTH,11:35,,11:35,,,,,false,,,,,,,11:33,,,,
202004128152488,WATRLMN,,12:35,,,12:35,,,,,,,,,false,,,12:34,,
202004128152488,VAUXHLM,,,,12:37,,,,,,,false,,,,,12:37,,,
202004128152488,CLPHMJM,,12:45,12:44,,12:45,,,false,,,,,,false,12:41,,12:41,,
202004128152488,ERLFLD,,,,12:48,,,,,12:43,,false,,,,,,,,
202004128152488,WDON,,,,12:52,,,,,,,false,,,,,12:45,,,
202004128152488,WDONWJ,,,,12:53,,,,,12:46,,false,,,,,,,,
202004128152488,NEWMLDN,,,,12:55:30,,,,,,,false,,,,,12:47,,,
202004128152488,BRLANDS,,,,12:56,,,,,,,false,,,,,12:47,,,
202004128152488,SURBITN,,,,12:57:30,,,,,,,false,,,,,12:48,,,
202004128152488,HCRTJN,,,,12:58:30,,,,,,,false,,,,,12:49,,,
202004128152488,ESHER,,,,12:59,,,,,,,false,,,,,12:50,,,
202004128152488,HERSHAM,,,,13:00,,,,,,,false,,,,,12:51,,,
202004128152488,WONT,,,,13:01,,,,,,,false,,,,,12:52,,,
202004128152488,WEYBDGE,,,,13:02,,,,,,,false,,,,,12:53,,,
202004128152488,BYFLANH,,,,13:03,,,,,12:54,,false,,,,,,,,
202004128152488,WBYFLET,,,,13:04,,,,,,,false,,,,,12:54,,,
202004128152488,WOKING,13:07,13:08,13:07,,13:08:30,,,false,,,,,,false,12:58,,13:07,,
202004128152488,WOKINGJ,,,,13:09:30,,,,,,,false,,,,,13:08,,,
202004128152488,FRBRMN,,,,13:15:30,,,,,,,false,,,,,13:14,,,
202004128152488,FLEET,,,,13:17,,,,,,,false,,,,,13:17,,,
202004128152488,WNCFILD,,,,13:20,,,,,,,false,,,,,13:18,,,
202004128152488,HOOK,,,,13:21,,,,,,,false,,,,,13:20,,,
202004128152488,BSNGSTK,13:26,13:28,13:26,,13:28,,,false,,,,,,false,13:25,,13:27,,
202004128152488,WRTINGJ,,,,13:31:30,,,,,,,false,,,,,13:31,,,
202004128152488,MCHLDVR,,,,13:37,,,,,,,false,,,,,13:37,,,
202004128152488,WALRSAL,,,,13:39:30,,,,,13:40,,false,,,,,,,,
202004128152488,WNCHSTR,13:43,13:44,13:43,,13:44:30,,,false,,,,,,false,13:43,,13:44,,
202004128152488,SHAWFDJ,,,,13:47:30,,,,,13:47,,false,,,,,,,,
202004128152488,SHAWFD,,,,13:48,,,,,,,false,,,,,13:47,,,
202004128152488,ELGH,,,,13:50:30,,,,,,,false,,,,,13:49,,,
202004128152488,SOTPKWY,13:52,13:53,13:52,,13:53:30,,,false,,,,,,false,13:53,,13:54,,
202004128152488,SWYTHLN,,,,13:54,,,,,,,false,,,,,13:55,,,
202004128152488,STDENYS,,,,13:56:30,,,,,,,false,,,,,13:57,,,
202004128152488,NTHMJN,,,,13:57:30,,,,,,,false,,,,,13:58,,,
202004128152488,SOTON,14:00,14:03,14:00,,14:03,,,false,,,,,,false,14:00,,14:02,,
202004128152488,REDBDGE,,,,14:06:30,,,,,,,false,,,,,14:06,,,
202004128152488,TOTTON,,,,14:07,,,,,,,false,,,,,14:07,,,
202004128152488,LYNDHRD,,,,14:09,,,,,,,false,,,,,14:10,,,
202004128152488,BLIEURD,,,,14:11,,,,,,,false,,,,,14:11,,,
202004128152488,BKNHRST,14:16,14:17,14:16,,14:17:30,,,false,,,,,,false,14:15,,14:16,,
202004128152488,SWAY,,,,14:20,,,,,,,false,,,,,14:20,,,
202004128152488,NMILTON,14:24,14:24,14:23:30,,14:24:30,,,false,,,,,,false,14:22,,14:23,,
202004128152488,HINTONA,,,,14:26,,,,,,,false,,,,,14:25,,,
202004128152488,CHRISTC,,,,14:30,,,,,,,false,,,,,14:28,,,
202004128152488,BOMO,14:34,14:39,14:34,,14:39,,,false,,,,,,false,14:33,,14:41,,
202004128152488,BRANKSM,14:44,14:44,14:43:30,,14:44,,,false,,,,,,false,14:46,,14:47,,
202004128152488,PSTONE,14:47,14:47,14:46:30,,14:47,,,false,,,,,,false,14:49,,14:50,,
202004128152488,POOLE,14:50,14:51,14:50,,14:51:30,,,false,,,,,,false,14:53,,14:54,,
202004128152488,HMWTHY,14:56,14:56,14:55:30,,14:56:30,,,false,,,,,,false,14:57,,14:59,,
202004128152488,HOLTONH,,,,14:59,,,,,,,false,,,,,15:02,,,
202004128152488,WARHAM,15:02,15:03,15:02,,15:03:30,,,false,,,,,,false,15:04,,15:05,,
202004128152488,WOOL,15:09,15:10,15:09,,15:10,,,false,,,,,,false,15:10,,15:11,,
202004128152488,MORETON,15:16,15:16,15:15:30,,15:16:30,,,false,,,,,,false,15:15,,15:15,,
202004128152488,DRCHS,15:23,15:24,15:23,,15:24:30,,,false,,,,,,false,15:23,,15:24,,
202004128152488,DRCHJN,,,,15:25:30,,,,,15:25,,false,,,,,,,,
202004128152488,UPWEY,15:31,15:31,15:30:30,,15:31,,,false,,,,,,false,15:31,,15:32,,
202004128152488,WEYMTH,15:35,,15:35,,,,,false,,,,,,,15:34,,,,
202004128152489,WATRLMN,,16:35,,,16:35,,,,,,,,,false,,,16:34,,
202004128152489,VAUXHLM,,,,16:37,,,,,,,false,,,,,16:37,,,
202004128152489,CLPHMJM,,16:42,16:41:30,,16:42:30,,,false,,,,,,false,16:41,,16:42,,
202004128152489,ERLFLD,,,,16:46,,,,,16:44,,false,,,,,,,,
202004128152489,WDON,,,,16:50:30,,,,,,,false,,,,,16:45,,,
202004128152489,RAYNSPK,,,,16:52,,,,,16:46,,false,,,,,,,,
202004128152489,NEWMLDN,,,,16:54,,,,,,,false,,,,,16:48,,,
202004128152489,SURBITN,,,,16:56,,,,,,,false,,,,,16:48,,,
202004128152489,BRLANDS,,,,16:55,,,,,,,false,,,,,16:48,,,
202004128152489,HCRTJN,,,,16:57,,,,,,,false,,,,,16:50,,,
202004128152489,ESHER,,,,16:57:30,,,,,,,false,,,,,16:50,,,
202004128152489,HERSHAM,,,,16:58,,,,,,,false,,,,,16:51,,,
202004128152489,WONT,,,,16:59,,,,,,,false,,,,,16:52,,,
202004128152489,WEYBDGE,,,,17:01,,,,,,,false,,,,,16:53,,,
202004128152489,BYFLANH,,,,17:02,,,,,16:54,,false,,,,,,,,
202004128152489,WBYFLET,,,,17:03,,,,,,,false,,,,,16:54,,,
202004128152489,WOKING,17:06,17:07,17:05:30,,17:07:30,,,false,,,,,,false,17:00,,17:06,,
202004128152489,WOKINGJ,,,,17:08:30,,,,,,,false,,,,,17:07,,,
202004128152489,FRBRMN,,,,17:15,,,,,,,false,,,,,17:13,,,
202004128152489,FLEET,,,,17:17,,,,,,,false,,,,,17:16,,,
202004128152489,WNCFILD,,,,17:19,,,,,,,false,,,,,17:17,,,
202004128152489,HOOK,,,,17:21,,,,,,,false,,,,,17:19,,,
202004128152489,BSNGSTK,17:26,17:28,17:25:30,,17:28,,,false,,,,,,false,17:24,,17:27,,
202004128152489,WRTINGJ,,,,17:31:30,,,,,,,false,,,,,17:30,,,
202004128152489,MCHLDVR,,,,17:37,,,,,,,false,,,,,17:36,,,
202004128152489,WALRSAL,,,,17:39:30,,,,,17:38,,false,,,,,,,,
202004128152489,WNCHSTR,17:43,17:44,17:43,,17:44:30,,,false,,,,,,false,17:41,,17:44,,
202004128152489,SHAWFDJ,,,,17:47:30,,,,,17:47,,false,,,,,,,,
202004128152489,SHAWFD,,,,17:48,,,,,,,false,,,,,17:47,,,
202004128152489,ELGH,,,,17:50:30,,,,,,,false,,,,,17:49,,,
202004128152489,SOTPKWY,17:52,17:53,17:52,,17:53:30,,,false,,,,,,false,17:52,,17:53,,
202004128152489,SWYTHLN,,,,17:54,,,,,,,false,,,,,17:54,,,
202004128152489,STDENYS,,,,17:56:30,,,,,,,false,,,,,17:56,,,
202004128152489,NTHMJN,,,,17:57:30,,,,,,,false,,,,,17:57,,,
202004128152489,SOTON,18:00,18:03,18:00,,18:03,,,false,,,,,,false,17:59,,18:02,,
202004128152489,REDBDGE,,,,18:06:30,,,,,,,false,,,,,18:05,,,
202004128152489,TOTTON,,,,18:07,,,,,,,false,,,,,18:07,,,
202004128152489,LYNDHRD,,,,18:09,,,,,,,false,,,,,18:09,,,
202004128152489,BLIEURD,,,,18:11,,,,,,,false,,,,,18:11,,,
202004128152489,BKNHRST,18:16,18:17,18:16,,18:17:30,,,false,,,,,,false,18:15,,18:16,,
202004128152489,SWAY,,,,18:20,,,,,,,false,,,,,18:20,,,
202004128152489,NMILTON,18:24,18:24,18:23:30,,18:24:30,,,false,,,,,,false,18:22,,18:23,,
202004128152489,HINTONA,,,,18:26,,,,,,,false,,,,,18:26,,,
202004128152489,CHRISTC,,,,18:30,,,,,,,false,,,,,18:29,,,
202004128152489,BOMO,18:34,18:39,18:34,,18:39,,,false,,,,,,false,18:34,,18:38,,
202004128152489,BRANKSM,18:44,18:44,18:43:30,,18:44,,,false,,,,,,false,18:43,,18:44,,
202004128152489,PSTONE,18:47,18:47,18:46:30,,18:47,,,false,,,,,,false,18:46,,18:47,,
202004128152489,POOLE,18:50,18:51,18:50,,18:51:30,,,false,,,,,,false,18:50,,18:51,,
202004128152489,HMWTHY,18:56,18:56,18:55:30,,18:56:30,,,false,,,,,,false,18:54,,18:56,,
202004128152489,HOLTONH,,,,18:59,,,,,,,false,,,,,18:59,,,
202004128152489,WARHAM,19:02,19:03,19:02,,19:03:30,,,false,,,,,,false,19:01,,19:03,,
202004128152489,WOOL,19:09,19:10,19:09,,19:10,,,false,,,,,,false,19:07,,19:09,,
202004128152489,MORETON,19:16,19:16,19:15:30,,19:16:30,,,false,,,,,,false,19:13,,19:14,,
202004128152489,DRCHS,19:23,19:24,19:23,,19:24:30,,,false,,,,,,false,19:21,,19:23,,
202004128152489,DRCHJN,,,,19:25:30,,,,,19:24,,false,,,,,,,,
202004128152489,UPWEY,19:31,19:31,19:30:30,,19:31,,,false,,,,,,false,19:30,,19:31,,
202004128152489,WEYMTH,19:35,,19:35,,,,,false,,,,,,,19:33,,,,
202004128152491,WATRLMN,,17:35,,,17:35,,,,,,,,,false,,,17:34,,
202004128152491,VAUXHLM,,,,17:37,,,,,,,false,,,,,17:37,,,
202004128152491,CLPHMJM,,17:42,17:41:30,,17:42:30,,,false,,,,,,false,17:41,,17:43,,
202004128152491,ERLFLD,,,,17:46,,,,,17:45,,false,,,,,,,,
202004128152491,WDON,,,,17:50:30,,,,,,,false,,,,,17:46,,,
202004128152491,RAYNSPK,,,,17:52,,,,,17:47,,false,,,,,,,,
202004128152491,NEWMLDN,,,,17:54,,,,,,,false,,,,,17:49,,,
202004128152491,SURBITN,,,,17:56,,,,,,,false,,,,,17:49,,,
202004128152491,BRLANDS,,,,17:55,,,,,,,false,,,,,17:49,,,
202004128152491,HCRTJN,,,,17:57,,,,,,,false,,,,,17:50,,,
202004128152491,ESHER,,,,17:57:30,,,,,,,false,,,,,17:51,,,
202004128152491,HERSHAM,,,,17:58,,,,,,,false,,,,,17:52,,,
202004128152491,WONT,,,,17:59,,,,,,,false,,,,,17:53,,,
202004128152491,WEYBDGE,,,,18:01,,,,,,,false,,,,,17:54,,,
202004128152491,BYFLANH,,,,18:02,,,,,17:55,,false,,,,,,,,
202004128152491,WBYFLET,,,,18:03,,,,,,,false,,,,,17:55,,,
202004128152491,WOKING,18:06,18:07,18:05:30,,18:07:30,,,false,,,,,,false,18:01,,18:06,,
202004128152491,WOKINGJ,,,,18:08:30,,,,,,,false,,,,,18:07,,,
202004128152491,FRBRMN,,,,18:15,,,,,,,false,,,,,18:13,,,
202004128152491,FLEET,,,,18:17,,,,,,,false,,,,,18:16,,,
202004128152491,WNCFILD,,,,18:19,,,,,,,false,,,,,18:17,,,
202004128152491,HOOK,,,,18:21,,,,,,,false,,,,,18:19,,,
202004128152491,BSNGSTK,18:26,18:28,18:25:30,,18:28,,,false,,,,,,false,18:24,,18:27,,
202004128152491,WRTINGJ,,,,18:31:30,,,,,,,false,,,,,18:30,,,
202004128152491,MCHLDVR,,,,18:37,,,,,,,false,,,,,18:36,,,
202004128152491,WALRSAL,,,,18:39:30,,,,,18:38,,false,,,,,,,,
202004128152491,WNCHSTR,18:43,18:44,18:43,,18:44:30,,,false,,,,,,false,18:41,,18:43,,
202004128152491,SHAWFDJ,,,,18:47:30,,,,,18:46,,false,,,,,,,,
202004128152491,SHAWFD,,,,18:48,,,,,,,false,,,,,18:47,,,
202004128152491,ELGH,,,,18:50:30,,,,,,,false,,,,,18:49,,,
202004128152491,SOTPKWY,18:52,18:53,18:52,,18:53:30,,,false,,,,,,false,18:53,,18:54,,
202004128152491,SWYTHLN,,,,18:54,,,,,,,false,,,,,18:55,,,
202004128152491,STDENYS,,,,18:56:30,,,,,,,false,,,,,18:57,,,
202004128152491,NTHMJN,,,,18:57:30,,,,,,,false,,,,,18:58,,,
202004128152491,SOTON,19:00,19:03,19:00,,19:03,,,false,,,,,,false,19:00,,19:02,,
202004128152491,REDBDGE,,,,19:06:30,,,,,,,false,,,,,19:06,,,
202004128152491,TOTTON,,,,19:07,,,,,,,false,,,,,19:07,,,
202004128152491,LYNDHRD,,,,19:09,,,,,,,false,,,,,19:10,,,
202004128152491,BLIEURD,,,,19:11,,,,,,,false,,,,,19:11,,,
202004128152491,BKNHRST,19:16,19:17,19:16,,19:17:30,,,false,,,,,,false,19:15,,19:16,,
202004128152491,SWAY,,,,19:20,,,,,,,false,,,,,19:20,,,
202004128152491,NMILTON,19:24,19:24,19:23:30,,19:24:30,,,false,,,,,,false,19:22,,19:24,,
202004128152491,HINTONA,,,,19:26,,,,,,,false,,,,,19:26,,,
202004128152491,CHRISTC,,,,19:30,,,,,,,false,,,,,19:29,,,
202004128152491,BOMO,19:34,19:39,19:34,,19:39,,,false,,,,,,false,19:34,,19:38,,
202004128152491,BRANKSM,19:44,19:44,19:43:30,,19:44,,,false,,,,,,false,19:43,,19:44,,
202004128152491,PSTONE,19:47,19:47,19:46:30,,19:47,,,false,,,,,,false,19:46,,19:47,,
202004128152491,POOLE,19:50,19:51,19:50,,19:51:30,,,false,,,,19:59,,false,19:55,,,,
202004128152491,HMWTHY,19:56,19:56,19:55:30,,19:56:30,,,false,,,,,,false,20:00,,20:02,,
202004128152491,HOLTONH,,,,19:59,,,,,,,false,,,,,20:04,,,
202004128152491,WARHAM,20:02,20:03,20:02,,20:03:30,,,false,,,,,,false,20:07,,20:08,,
202004128152491,WOOL,20:09,20:10,20:09,,20:10,,,false,,,,,,false,20:12,,20:13,,
202004128152491,MORETON,20:16,20:16,20:15:30,,20:17:30,,,false,,,,,,false,20:17,,20:18,,
202004128152491,DRCHS,20:24,20:24,20:24,,20:25:30,,,false,,,,,,false,20:25,,20:26,,
202004128152491,DRCHJN,,,,20:26:30,,,,,20:27,,false,,,,,,,,
202004128152491,UPWEY,20:31,20:31,20:31:30,,20:32,,,false,,,,,,false,20:33,,20:35,,
202004128152491,WEYMTH,20:36,,20:36,,,,,false,,,,,,,20:37,,,,
202004128152493,WATRLMN,,18:35,,,18:35,,,,,,,,,false,,,18:34,,
202004128152493,VAUXHLM,,,,18:37,,,,,,,false,,,,,18:37,,,
202004128152493,CLPHMJM,,18:42,18:41:30,,18:42:30,,,false,,,,,,false,18:41,,18:42,,
202004128152493,ERLFLD,,,,18:46,,,,,18:44,,false,,,,,,,,
202004128152493,WDON,,,,18:50:30,,,,,,,false,,,,,18:45,,,
202004128152493,RAYNSPK,,,,18:52,,,,,18:46,,false,,,,,,,,
202004128152493,NEWMLDN,,,,18:54,,,,,,,false,,,,,18:48,,,
202004128152493,SURBITN,,,,18:56,,,,,,,false,,,,,18:48,,,
202004128152493,BRLANDS,,,,18:55,,,,,,,false,,,,,18:48,,,
202004128152493,HCRTJN,,,,18:57,,,,,,,false,,,,,18:49,,,
202004128152493,ESHER,,,,18:57:30,,,,,,,false,,,,,18:50,,,
202004128152493,HERSHAM,,,,18:58,,,,,,,false,,,,,18:51,,,
202004128152493,WONT,,,,18:59,,,,,,,false,,,,,18:52,,,
202004128152493,WEYBDGE,,,,19:01,,,,,,,false,,,,,18:53,,,
202004128152493,BYFLANH,,,,19:02,,,,,18:54,,false,,,,,,,,
202004128152493,WBYFLET,,,,19:03,,,,,,,false,,,,,18:54,,,
202004128152493,WOKING,19:06,19:07,19:05:30,,19:07:30,,,false,,,,,,false,19:00,,19:06,,
202004128152493,WOKINGJ,,,,19:08:30,,,,,,,false,,,,,19:07,,,
202004128152493,FRBRMN,,,,19:15,,,,,,,false,,,,,19:13,,,
202004128152493,FLEET,,,,19:17,,,,,,,false,,,,,19:16,,,
202004128152493,WNCFILD,,,,19:19,,,,,,,false,,,,,19:18,,,
202004128152493,HOOK,,,,19:21,,,,,,,false,,,,,19:19,,,
202004128152493,BSNGSTK,19:26,19:28,19:25:30,,19:28,,,false,,,,,,false,19:25,,19:27,,
202004128152493,WRTINGJ,,,,19:31:30,,,,,,,false,,,,,19:30,,,
202004128152493,MCHLDVR,,,,19:37,,,,,,,false,,,,,19:35,,,
202004128152493,WALRSAL,,,,19:39:30,,,,,19:38,,false,,,,,,,,
202004128152493,WNCHSTR,19:43,19:44,19:43,,19:44:30,,,false,,,,,,false,19:41,,19:43,,
202004128152493,SHAWFDJ,,,,19:47:30,,,,,19:46,,false,,,,,,,,
202004128152493,SHAWFD,,,,19:48,,,,,,,false,,,,,19:47,,,
202004128152493,ELGH,,,,19:51,,,,,,,false,,,,,19:49,,,
202004128152493,SOTPKWY,19:53,19:53,19:52:30,,19:54,,,false,,,,,,false,19:52,,19:52,,
202004128152493,SWYTHLN,,,,19:55,,,,,,,false,,,,,19:54,,,
202004128152493,STDENYS,,,,19:57,,,,,,,false,,,,,19:56,,,
202004128152493,NTHMJN,,,,19:58,,,,,,,false,,,,,19:56,,,
202004128152493,SOTON,20:01,20:03,20:00:30,,20:03,,,false,,,,,,false,19:59,,20:02,,
202004128152493,REDBDGE,,,,20:06:30,,,,,,,false,,,,,20:05,,,
202004128152493,TOTTON,,,,20:07,,,,,,,false,,,,,20:06,,,
202004128152493,LYNDHRD,,,,20:09,,,,,,,false,,,,,20:09,,,
202004128152493,BLIEURD,,,,20:11,,,,,,,false,,,,,20:11,,,
202004128152493,BKNHRST,20:16,20:17,20:16,,20:17:30,,,false,,,,,,false,20:15,,20:16,,
202004128152493,SWAY,,,,20:20,,,,,,,false,,,,,20:20,,,
202004128152493,NMILTON,20:24,20:24,20:23:30,,20:24:30,,,false,,,,,,false,20:22,,20:23,,
202004128152493,HINTONA,,,,20:26,,,,,,,false,,,,,20:25,,,
202004128152493,CHRISTC,,,,20:30,,,,,,,false,,,,,20:28,,,
202004128152493,BOMO,20:34,20:39,20:34,,20:39,,,false,,,,,,false,20:33,,20:38,,
202004128152493,BRANKSM,20:44,20:44,20:43:30,,20:44,,,false,,,,,,false,20:43,,20:44,,
202004128152493,PSTONE,20:47,20:47,20:46:30,,20:47,,,false,,,,,,false,20:47,,20:47,,
202004128152493,POOLE,20:50,20:51,20:50,,20:51:30,,,false,,,,,,false,20:50,,20:52,,
202004128152493,HMWTHY,20:56,20:56,20:55:30,,20:56:30,,,false,,,,,,false,20:55,,20:57,,
202004128152493,HOLTONH,,,,20:59,,,,,,,false,,,,,20:59,,,
202004128152493,WARHAM,21:02,21:03,21:02,,21:03:30,,,false,,,,,,false,21:02,,21:03,,
202004128152493,WOOL,21:09,21:10,21:09,,21:10,,,false,,,,,,false,21:07,,21:09,,
202004128152493,MORETON,21:16,21:16,21:15:30,,21:17:30,,,false,,,,,,false,21:13,,21:14,,
202004128152493,DRCHS,21:24,21:24,21:24,,21:25:30,,,false,,,,,,false,21:21,,21:23,,
202004128152493,DRCHJN,,,,21:26:30,,,,,21:24,,false,,,,,,,,
202004128152493,UPWEY,21:31,21:31,21:31:30,,21:32,,,false,,,,,,false,21:30,,21:31,,
202004128152493,WEYMTH,21:36,,21:36,,,,,false,,,,,,,21:34,,,,
202004128152495,WATRLMN,,19:35,,,19:35,,,,,,,,,false,,,19:34,,
202004128152495,VAUXHLM,,,,19:37,,,,,,,false,,,,,19:37,,,
202004128152495,CLPHMJM,,19:42,19:41:30,,19:42:30,,,false,,,,,,false,19:40,,19:42,,
202004128152495,ERLFLD,,,,19:46,,,,,19:44,,false,,,,,,,,
202004128152495,WDON,,,,19:50:30,,,,,,,false,,,,,19:45,,,
202004128152495,RAYNSPK,,,,19:52,,,,,19:46,,false,,,,,,,,
202004128152495,NEWMLDN,,,,19:54,,,,,,,false,,,,,19:48,,,
202004128152495,SURBITN,,,,19:56,,,,,,,false,,,,,19:48,,,
202004128152495,BRLANDS,,,,19:55,,,,,,,false,,,,,19:48,,,
202004128152495,HCRTJN,,,,19:57,,,,,,,false,,,,,19:49,,,
202004128152495,ESHER,,,,19:57:30,,,,,,,false,,,,,19:50,,,
202004128152495,HERSHAM,,,,19:58,,,,,,,false,,,,,19:51,,,
202004128152495,WONT,,,,19:59,,,,,,,false,,,,,19:52,,,
202004128152495,WEYBDGE,,,,20:01,,,,,,,false,,,,,19:53,,,
202004128152495,BYFLANH,,,,20:02,,,,,19:54,,false,,,,,,,,
202004128152495,WBYFLET,,,,20:03,,,,,,,false,,,,,19:54,,,
202004128152495,WOKING,20:06,20:07,20:05:30,,20:07:30,,,false,,,,,,false,19:59,,20:06,,
202004128152495,WOKINGJ,,,,20:08:30,,,,,,,false,,,,,20:07,,,
202004128152495,FRBRMN,,,,20:15,,,,,,,false,,,,,20:13,,,
202004128152495,FLEET,,,,20:17,,,,,,,false,,,,,20:15,,,
202004128152495,WNCFILD,,,,20:19,,,,,,,false,,,,,20:17,,,
202004128152495,HOOK,,,,20:21,,,,,,,false,,,,,20:19,,,
202004128152495,BSNGSTK,20:26,20:28,20:25:30,,20:28,,,false,,,,,,false,20:24,,20:27,,
202004128152495,WRTINGJ,,,,20:31:30,,,,,,,false,,,,,20:30,,,
202004128152495,MCHLDVR,,,,20:37,,,,,,,false,,,,,20:36,,,
202004128152495,WALRSAL,,,,20:39:30,,,,,20:38,,false,,,,,,,,
202004128152495,WNCHSTR,20:43,20:44,20:43,,20:44:30,,,false,,,,,,false,20:41,,20:43,,
202004128152495,SHAWFDJ,,,,20:47:30,,,,,20:46,,false,,,,,,,,
202004128152495,SHAWFD,,,,20:48,,,,,,,false,,,,,20:47,,,
202004128152495,ELGH,,,,20:50:30,,,,,,,false,,,,,20:49,,,
202004128152495,SOTPKWY,20:52,20:53,20:52,,20:53:30,,,false,,,,,,false,20:52,,20:53,,
202004128152495,SWYTHLN,,,,20:54,,,,,,,false,,,,,20:55,,,
202004128152495,STDENYS,,,,20:56:30,,,,,,,false,,,,,20:57,,,
202004128152495,NTHMJN,,,,20:57:30,,,,,,,false,,,,,20:58,,,
202004128152495,SOTON,21:00,21:03,21:00,,21:03,,,false,,,,,,false,21:00,,21:02,,
202004128152495,REDBDGE,,,,21:06:30,,,,,,,false,,,,,21:05,,,
202004128152495,TOTTON,,,,21:07,,,,,,,false,,,,,21:07,,,
202004128152495,LYNDHRD,,,,21:09,,,,,,,false,,,,,21:09,,,
202004128152495,BLIEURD,,,,21:11,,,,,,,false,,,,,21:11,,,
202004128152495,BKNHRST,21:16,21:17,21:16,,21:17:30,,,false,,,,,,false,21:15,,21:16,,
202004128152495,SWAY,,,,21:20,,,,,,,false,,,,,21:20,,,
202004128152495,NMILTON,21:24,21:24,21:23:30,,21:24:30,,,false,,,,,,false,21:22,,21:23,,
202004128152495,HINTONA,,,,21:26,,,,,,,false,,,,,21:26,,,
202004128152495,CHRISTC,,,,21:30,,,,,,,false,,,,,21:29,,,
202004128152495,BOMO,21:34,21:39,21:34,,21:39,,,false,,,,,,false,21:33,,21:38,,
202004128152495,BRANKSM,21:44,21:44,21:43:30,,21:44,,,false,,,,,,false,21:43,,21:43,,
202004128152495,PSTONE,21:47,21:47,21:46:30,,21:47,,,false,,,,,,false,21:46,,21:46,,
202004128152495,POOLE,21:50,21:51,21:50,,21:51:30,,,false,,,,,,false,21:49,,21:50,,
202004128152495,HMWTHY,21:56,21:56,21:55:30,,21:56:30,,,false,,,,,,false,21:54,,21:56,,
202004128152495,HOLTONH,,,,21:59,,,,,,,false,,,,,21:58,,,
202004128152495,WARHAM,22:02,22:03,22:02,,22:03:30,,,false,,,,,,false,22:01,,22:03,,
202004128152495,WOOL,22:09,22:10,22:09,,22:10,,,false,,,,,,false,22:07,,22:09,,
202004128152495,MORETON,22:16,22:16,22:15:30,,22:17:30,,,false,,,,,,false,22:13,,22:14,,
202004128152495,DRCHS,22:24,22:24,22:24,,22:25:30,,,false,,,,,,false,22:22,,22:23,,
202004128152495,DRCHJN,,,,22:26:30,,,,,22:24,,false,,,,,,,,
202004128152495,UPWEY,22:31,22:31,22:31:30,,22:32,,,false,,,,,,false,22:30,,22:31,,
202004128152495,WEYMTH,22:36,,22:36,,,,,false,,,,,,,22:33,,,,
202004128152497,WATRLMN,,20:35,,,20:35,,,,,,,,,false,,,20:34,,
202004128152497,VAUXHLM,,,,20:37,,,,,,,false,,,,,20:37,,,
202004128152497,CLPHMJM,,20:42,20:41:30,,20:42:30,,,false,,,,,,false,20:41,,20:42,,
202004128152497,ERLFLD,,,,20:46,,,,,20:44,,false,,,,,,,,
202004128152497,WDON,,,,20:50:30,,,,,,,false,,,,,20:45,,,
202004128152497,RAYNSPK,,,,20:52,,,,,20:46,,false,,,,,,,,
202004128152497,NEWMLDN,,,,20:54,,,,,,,false,,,,,20:48,,,
202004128152497,SURBITN,,,,20:56,,,,,,,false,,,,,20:48,,,
202004128152497,BRLANDS,,,,20:55,,,,,,,false,,,,,20:48,,,
202004128152497,HCRTJN,,,,20:57,,,,,,,false,,,,,20:49,,,
202004128152497,ESHER,,,,20:57:30,,,,,,,false,,,,,20:50,,,
202004128152497,HERSHAM,,,,20:58,,,,,,,false,,,,,20:51,,,
202004128152497,WONT,,,,20:59,,,,,,,false,,,,,20:52,,,
202004128152497,WEYBDGE,,,,21:01,,,,,,,false,,,,,20:53,,,
202004128152497,BYFLANH,,,,21:02,,,,,20:54,,false,,,,,,,,
202004128152497,WBYFLET,,,,21:03,,,,,,,false,,,,,20:54,,,
202004128152497,WOKING,21:06,21:07,21:05:30,,21:07:30,,,false,,,,,,false,21:01,,21:06,,
202004128152497,WOKINGJ,,,,21:08:30,,,,,,,false,,,,,21:07,,,
202004128152497,FRBRMN,,,,21:15,,,,,,,false,,,,,21:13,,,
202004128152497,FLEET,,,,21:17,,,,,,,false,,,,,21:15,,,
202004128152497,WNCFILD,,,,21:19,,,,,,,false,,,,,21:17,,,
202004128152497,HOOK,,,,21:21,,,,,,,false,,,,,21:19,,,
202004128152497,BSNGSTK,21:26,21:28,21:25:30,,21:28,,,false,,,,,,false,21:25,,21:27,,
202004128152497,WRTINGJ,,,,21:31:30,,,,,,,false,,,,,21:30,,,
202004128152497,MCHLDVR,,,,21:37,,,,,,,false,,,,,21:36,,,
202004128152497,WALRSAL,,,,21:39:30,,,,,21:38,,false,,,,,,,,
202004128152497,WNCHSTR,21:43,21:44,21:43,,21:44:30,,,false,,,,,,false,21:41,,21:43,,
202004128152497,SHAWFDJ,,,,21:47:30,,,,,21:46,,false,,,,,,,,
202004128152497,SHAWFD,,,,21:48,,,,,,,false,,,,,21:47,,,
202004128152497,ELGH,,,,21:50:30,,,,,,,false,,,,,21:49,,,
202004128152497,SOTPKWY,21:52,21:53,21:52,,21:53:30,,,false,,,,,,false,21:52,,21:53,,
202004128152497,SWYTHLN,,,,21:54,,,,,,,false,,,,,21:54,,,
202004128152497,STDENYS,,,,21:56:30,,,,,,,false,,,,,21:56,,,
202004128152497,NTHMJN,,,,21:57:30,,,,,,,false,,,,,21:57,,,
202004128152497,SOTON,22:00,22:03,22:00,,22:03,,,false,,,,,,false,22:00,,22:02,,
202004128152497,REDBDGE,,,,22:06:30,,,,,,,false,,,,,22:05,,,
202004128152497,TOTTON,,,,22:07,,,,,,,false,,,,,22:07,,,
202004128152497,LYNDHRD,,,,22:09,,,,,,,false,,,,,22:09,,,
202004128152497,BLIEURD,,,,22:11,,,,,,,false,,,,,22:11,,,
202004128152497,BKNHRST,22:16,22:17,22:16,,22:17:30,,,false,,,,,,false,22:15,,22:16,,
202004128152497,SWAY,,,,22:20,,,,,,,false,,,,,22:20,,,
202004128152497,NMILTON,22:24,22:24,22:23:30,,22:24:30,,,false,,,,,,false,22:22,,22:23,,
202004128152497,HINTONA,,,,22:26,,,,,,,false,,,,,22:25,,,
202004128152497,CHRISTC,,,,22:30,,,,,,,false,,,,,22:28,,,
202004128152497,BOMO,22:34,22:39,22:34,,22:39,,,false,,,,,,false,22:33,,22:45,,
202004128152497,BRANKSM,22:44,22:44,22:43:30,,22:44,,,false,,,,,,false,22:49,,22:50,,
202004128152497,PSTONE,22:47,22:47,22:46:30,,22:47,,,false,,,,,,false,22:52,,22:53,,
202004128152497,POOLE,22:50,22:51,22:50,,22:51:30,,,false,,,,,,false,22:56,,22:57,,
202004128152497,HMWTHY,22:56,22:56,22:55:30,,22:56:30,,,false,,,,,,false,23:00,,23:01,,
202004128152497,HOLTONH,,,,22:59,,,,,,,false,,,,,23:04,,,
202004128152497,WARHAM,23:02,23:03,23:02,,23:03:30,,,false,,,,,,false,23:06,,23:06,,
202004128152497,WOOL,23:09,23:10,23:09,,23:10,,,false,,,,,,false,23:11,,23:12,,
202004128152497,MORETON,23:16,23:16,23:15:30,,23:17:30,,,false,,,,,,false,23:16,,23:16,,
202004128152497,DRCHS,23:24,23:24,23:24,,23:25:30,,,false,,,,,,false,23:24,,23:24,,
202004128152497,DRCHJN,,,,23:26:30,,,,,23:25,,false,,,,,,,,
202004128152497,UPWEY,23:31,23:31,23:31:30,,23:32,,,false,,,,,,false,23:30,,23:31,,
202004128152497,WEYMTH,23:36,,23:36,,,,,false,,,,,,,23:34,,,,
202004128152499,WATRLMN,,21:35,,,21:35,,,,,,,,,false,,,21:34,,
202004128152499,VAUXHLM,,,,21:37,,,,,,,false,,,,,21:37,,,
202004128152499,CLPHMJM,,21:42,21:41:30,,21:42:30,,,false,,,,,,false,21:41,,21:42,,
202004128152499,ERLFLD,,,,21:46,,,,,21:44,,false,,,,,,,,
202004128152499,WDON,,,,21:50:30,,,,,,,false,,,,,21:46,,,
202004128152499,RAYNSPK,,,,21:52,,,,,21:47,,false,,,,,,,,
202004128152499,NEWMLDN,,,,21:54,,,,,,,false,,,,,21:48,,,
202004128152499,SURBITN,,,,21:56,,,,,,,false,,,,,21:49,,,
202004128152499,BRLANDS,,,,21:55,,,,,,,false,,,,,21:49,,,
202004128152499,HCRTJN,,,,21:57,,,,,,,false,,,,,21:50,,,
202004128152499,ESHER,,,,21:57:30,,,,,,,false,,,,,21:51,,,
202004128152499,HERSHAM,,,,21:58,,,,,,,false,,,,,21:52,,,
202004128152499,WONT,,,,21:59,,,,,,,false,,,,,21:53,,,
202004128152499,WEYBDGE,,,,22:01,,,,,,,false,,,,,21:54,,,
202004128152499,BYFLANH,,,,22:02,,,,,21:55,,false,,,,,,,,
202004128152499,WBYFLET,,,,22:03,,,,,,,false,,,,,21:55,,,
202004128152499,WOKING,22:06,22:07,22:05:30,,22:07:30,,,false,,,,,,false,22:03,,22:06,,
202004128152499,WOKINGJ,,,,22:08:30,,,,,,,false,,,,,22:07,,,
202004128152499,FRBRMN,,,,22:15,,,,,,,false,,,,,22:13,,,
202004128152499,FLEET,,,,22:17,,,,,,,false,,,,,22:16,,,
202004128152499,WNCFILD,,,,22:19,,,,,,,false,,,,,22:18,,,
202004128152499,HOOK,,,,22:21,,,,,,,false,,,,,22:19,,,
202004128152499,BSNGSTK,22:26,22:28,22:25:30,,22:28,,,false,,,,,,false,22:24,,22:27,,
202004128152499,WRTINGJ,,,,22:31:30,,,,,,,false,,,,,22:30,,,
202004128152499,MCHLDVR,,,,22:37,,,,,,,false,,,,,22:36,,,
202004128152499,WALRSAL,,,,22:39:30,,,,,22:38,,false,,,,,,,,
202004128152499,WNCHSTR,22:43,22:44,22:43,,22:44:30,,,false,,,,,,false,22:41,,22:43,,
202004128152499,SHAWFDJ,,,,22:47:30,,,,,22:46,,false,,,,,,,,
202004128152499,SHAWFD,,,,22:48,,,,,,,false,,,,,22:47,,,
202004128152499,ELGH,,,,22:50:30,,,,,,,false,,,,,22:49,,,
202004128152499,SOTPKWY,22:52,22:53,22:52,,22:53:30,,,false,,,,,,false,22:52,,22:53,,
202004128152499,SWYTHLN,,,,22:54,,,,,,,false,,,,,22:54,,,
202004128152499,STDENYS,,,,22:56:30,,,,,,,false,,,,,22:56,,,
202004128152499,NTHMJN,,,,22:57:30,,,,,,,false,,,,,22:57,,,
202004128152499,SOTON,23:00,23:03,23:00,,23:03,,,false,,,,,,false,23:00,,23:02,,
202004128152499,REDBDGE,,,,23:06:30,,,,,,,false,,,,,23:06,,,
202004128152499,TOTTON,,,,23:07,,,,,,,false,,,,,23:07,,,
202004128152499,LYNDHRD,,,,23:09,,,,,,,false,,,,,23:10,,,
202004128152499,BLIEURD,,,,23:11,,,,,,,false,,,,,23:12,,,
202004128152499,BKNHRST,23:16,23:17,23:16,,23:17:30,,,false,,,,,,false,23:16,,23:16,,
202004128152499,SWAY,,,,23:20,,,,,,,false,,,,,23:20,,,
202004128152499,NMILTON,23:24,23:24,23:23:30,,23:24:30,,,false,,,,,,false,23:23,,23:23,,
202004128152499,HINTONA,,,,23:26,,,,,,,false,,,,,23:26,,,
202004128152499,CHRISTC,,,,23:30,,,,,,,false,,,,,23:29,,,
202004128152499,BOMO,23:34,23:39,23:34,,23:39,,,false,,,,,,false,23:33,,23:38,,
202004128152499,BRANKSM,23:44,23:44,23:43:30,,23:44,,,false,,,,,,false,23:44,,23:44,,
202004128152499,PSTONE,23:47,23:47,23:46:30,,23:47,,,false,,,,,,false,23:47,,23:47,,
202004128152499,POOLE,23:50,23:51,23:50,,23:51:30,,,false,,,,,,false,23:50,,23:51,,
202004128152499,HMWTHY,23:56,23:56,23:55:30,,23:56:30,,,false,,,,,,false,23:54,,23:56,,
202004128152499,HOLTONH,,,,23:59,,,,,,,false,,,,,23:59,,,
202004128152499,WARHAM,00:02,00:03,00:02,,00:03:30,,,false,,,,,,false,00:01,,00:02,,
202004128152499,WOOL,00:09,00:10,00:09,,00:10,,,false,,,,,,false,00:07,,00:09,,
202004128152499,MORETON,00:16,00:16,00:15:30,,00:17:30,,,false,,,,,,false,00:13,,00:14,,
202004128152499,DRCHS,00:24,00:24,00:24,,00:25:30,,,false,,,,,,false,00:21,,00:23,,
202004128152499,DRCHJN,,,,00:26:30,,,,,00:24,,false,,,,,,,,
202004128152499,UPWEY,00:31,00:31,00:31:30,,00:32,,,false,,,,,,false,00:30,,00:32,,
202004128152499,WEYMTH,00:36,,00:36,,,,,false,,,,,,,00:34,,,,
202004128152744,WATRLMN,,09:35,,,09:35,,,,,,,,,false,,,09:34,,
202004128152744,VAUXHLM,,,,09:37,,,,,,,false,,,,,09:37,,,
202004128152744,CLPHMJM,,09:45,09:44,,09:45,,,false,,,,,,false,09:42,,09:45,,
202004128152744,ERLFLD,,,,09:48,,,,,,,false,,,,,09:47,,,
202004128152744,WDON,,,,09:52,,,,,,,false,,,,,09:49,,,
202004128152744,WDONWJ,,,,09:53,,,,,09:50,,false,,,,,,,,
202004128152744,NEWMLDN,,,,09:55:30,,,,,,,false,,,,,09:53,,,
202004128152744,BRLANDS,,,,09:56,,,,,,,false,,,,,09:53,,,
202004128152744,SURBITN,,,,09:57:30,,,,,,,false,,,,,09:54,,,
202004128152744,HCRTJN,,,,09:58:30,,,,,,,false,,,,,09:56,,,
202004128152744,ESHER,,,,09:59,,,,,,,false,,,,,09:57,,,
202004128152744,HERSHAM,,,,10:00,,,,,,,false,,,,,09:58,,,
202004128152744,WONT,,,,10:01,,,,,,,false,,,,,09:59,,,
202004128152744,WEYBDGE,,,,10:03:30,,,,,,,false,,,,,10:00,,,
202004128152744,BYFLANH,,,,10:04,,,,,10:01,,false,,,,,,,,
202004128152744,WBYFLET,,,,10:05,,,,,,,false,,,,,10:01,,,
202004128152744,WOKING,10:08,10:09,10:08,,10:09:30,,,false,,,,,,false,10:05,,10:08,,
202004128152744,WOKINGJ,,,,10:10:30,,,,,,,false,,,,,10:09,,,
202004128152744,FRBRMN,,,,10:17,,,,,,,false,,,,,10:15,,,
202004128152744,FLEET,,,,10:19,,,,,,,false,,,,,10:17,,,
202004128152744,WNCFILD,,,,10:21,,,,,,,false,,,,,10:19,,,
202004128152744,HOOK,,,,10:23,,,,,,,false,,,,,10:21,,,
202004128152744,BSNGSTK,10:28,10:29,10:27:30,,10:29:30,,,false,,,,,,false,10:26,,10:28,,
202004128152744,WRTINGJ,,,,10:33,,,,,,,false,,,,,10:31,,,
202004128152744,MCHLDVR,,,,10:39,,,,,,,false,,,,,10:37,,,
202004128152744,WALRSAL,,,,10:41,,,,,10:39,,false,,,,,,,,
202004128152744,WNCHSTR,10:45,10:46,10:44:30,,10:46,,,false,,,,,,false,10:42,,10:45,,
202004128152744,SHAWFDJ,,,,10:49,,,,,10:48,,false,,,,,,,,
202004128152744,SHAWFD,,,,10:49:30,,,,,,,false,,,,,10:49,,,
202004128152744,ELGH,,,,10:52,,,,,,,false,,,,,10:51,,,
202004128152744,SOTPKWY,10:54,10:55,10:53:30,,10:55,,,false,,,,,,false,10:55,,10:55,,
202004128152744,SWYTHLN,,,,10:56,,,,,,,false,,,,,10:57,,,
202004128152744,STDENYS,,,,10:58,,,,,,,false,,,,,10:59,,,
202004128152744,NTHMJN,,,,10:59,,,,,,,false,,,,,10:59,,,
202004128152744,SOTON,11:02,11:03,11:01:30,,11:03:30,,,false,,,,,,false,11:02,,11:03,,
202004128152744,REDBDGE,,,,11:07,,,,,,,false,,,,,11:06,,,
202004128152744,TOTTON,,,,11:07:30,,,,,,,false,,,,,11:07,,,
202004128152744,LYNDHRD,,,,11:10,,,,,,,false,,,,,11:10,,,
202004128152744,BLIEURD,,,,11:12,,,,,,,false,,,,,11:12,,,
202004128152744,BKNHRST,11:17,11:18,11:16:30,,11:18,,,false,,,,,,false,11:16,,11:17,,
202004128152744,SWAY,,,,11:20,,,,,,,false,,,,,11:21,,,
202004128152744,NMILTON,11:24,11:25,11:24,,11:25,,,false,,,,,,false,11:23,,11:24,,
202004128152744,HINTONA,,,,11:27,,,,,,,false,,,,,11:27,,,
202004128152744,CHRISTC,,,,11:30,,,,,,,false,,,,,11:30,,,
202004128152744,BOMO,11:35,11:39,11:34:30,,11:39,,,false,,,,,,false,11:35,,11:39,,
202004128152744,BRANKSM,11:44,11:44,11:43:30,,11:44,,,false,,,,,,false,11:43,,11:44,,
202004128152744,PSTONE,11:47,11:47,11:46:30,,11:47,,,false,,,,,,false,11:47,,11:47,,
202004128152744,POOLE,11:50,11:51,11:50,,11:51:30,,,false,,,,,,false,11:51,,11:52,,
202004128152744,HMWTHY,11:56,11:56,11:55:30,,11:56:30,,,false,,,,,,false,11:55,,11:57,,
202004128152744,HOLTONH,,,,11:59,,,,,,,false,,,,,11:59,,,
202004128152744,WARHAM,12:02,12:03,12:02,,12:03:30,,,false,,,,,,false,12:02,,12:03,,
202004128152744,WOOL,12:09,12:10,12:09,,12:10,,,false,,,,,,false,12:08,,12:09,,
202004128152744,MORETON,12:16,12:16,12:15:30,,12:16:30,,,false,,,,,,false,12:13,,12:14,,
202004128152744,DRCHS,12:23,12:24,12:23,,12:24:30,,,false,,,,,,false,12:21,,12:23,,
202004128152744,DRCHJN,,,,12:25:30,,,,,12:24,,false,,,,,,,,
202004128152744,UPWEY,12:31,12:31,12:30:30,,12:31,,,false,,,,,,false,12:30,,12:31,,
202004128152744,WEYMTH,12:35,,12:35,,,,,false,,,,,,,12:33,,,,
202004128152745,WATRLMN,,10:35,,,10:35,,,,,,,,,false,,,10:34,,
202004128152745,VAUXHLM,,,,10:37,,,,,,,false,,,,,10:37,,,
202004128152745,NINELMJ,,,,10:39,,,,,,,false,,,,,10:38,,,
202004128152745,QTRDBAT,,,,10:41,,,,,,,false,,,,,10:40,,,
202004128152745,CLPHMJM,,10:45,10:44,,10:45,,,false,,,,,,false,10:43,,10:45,,
202004128152745,ERLFLD,,,,10:48,,,,,,,false,,,,,10:47,,,
202004128152745,WDON,,,,10:51:30,,,,,,,false,,,,,10:49,,,
202004128152745,WDONWJ,,,,10:52:30,,,,,10:50,,false,,,,,,,,
202004128152745,NEWMLDN,,,,10:55,,,,,,,false,,,,,10:52,,,
202004128152745,BRLANDS,,,,10:56,,,,,,,false,,,,,10:52,,,
202004128152745,SURBITN,,,,10:57,,,,,,,false,,,,,10:53,,,
202004128152745,HCRTJN,,,,10:58,,,,,,,false,,,,,10:54,,,
202004128152745,ESHER,,,,10:58:30,,,,,,,false,,,,,10:55,,,
202004128152745,HERSHAM,,,,10:59,,,,,,,false,,,,,10:56,,,
202004128152745,WONT,,,,11:00,,,,,,,false,,,,,10:57,,,
202004128152745,WEYBDGE,,,,11:02,,,,,,,false,,,,,10:58,,,
202004128152745,BYFLANH,,,,11:03,,,,,10:59,,false,,,,,,,,
202004128152745,WBYFLET,,,,11:04,,,,,,,false,,,,,10:59,,,
202004128152745,WOKING,11:07,11:08,11:06:30,,11:08:30,,,false,,,,,,false,11:04,,11:07,,
202004128152745,WOKINGJ,,,,11:09:30,,,,,,,false,,,,,11:08,,,
202004128152745,FRBRMN,,,,11:15:30,,,,,,,false,,,,,11:14,,,
202004128152745,FLEET,,,,11:17,,,,,,,false,,,,,11:16,,,
202004128152745,WNCFILD,,,,11:20,,,,,,,false,,,,,11:18,,,
202004128152745,HOOK,,,,11:21,,,,,,,false,,,,,11:20,,,
202004128152745,BSNGSTK,11:26,11:28,11:26,,11:28,,,false,,,,,,false,11:25,,11:27,,
202004128152745,WRTINGJ,,,,11:31:30,,,,,,,false,,,,,11:31,,,
202004128152745,MCHLDVR,,,,11:37,,,,,,,false,,,,,11:37,,,
202004128152745,WALRSAL,,,,11:39:30,,,,,11:40,,false,,,,,,,,
202004128152745,WNCHSTR,11:43,11:44,11:43,,11:44:30,,,false,,,,,,false,11:43,,11:43,,
202004128152745,SHAWFDJ,,,,11:47:30,,,,,11:46,,false,,,,,,,,
202004128152745,SHAWFD,,,,11:48,,,,,,,false,,,,,11:47,,,
202004128152745,ELGH,,,,11:50:30,,,,,,,false,,,,,11:49,,,
202004128152745,SOTPKWY,11:52,11:53,11:52,,11:53:30,,,false,,,,,,false,11:52,,11:52,,
202004128152745,SWYTHLN,,,,11:54,,,,,,,false,,,,,11:54,,,
202004128152745,STDENYS,,,,11:56:30,,,,,,,false,,,,,11:56,,,
202004128152745,NTHMJN,,,,11:57:30,,,,,,,false,,,,,11:56,,,
202004128152745,SOTON,12:00,12:03,12:00,,12:03,,,false,,,,,,false,11:59,,12:02,,
202004128152745,REDBDGE,,,,12:06:30,,,,,,,false,,,,,12:05,,,
202004128152745,TOTTON,,,,12:07,,,,,,,false,,,,,12:07,,,
202004128152745,LYNDHRD,,,,12:09,,,,,,,false,,,,,12:09,,,
202004128152745,BLIEURD,,,,12:11,,,,,,,false,,,,,12:11,,,
202004128152745,BKNHRST,12:16,12:17,12:16,,12:17:30,,,false,,,,,,false,12:15,,12:16,,
202004128152745,SWAY,,,,12:20,,,,,,,false,,,,,12:20,,,
202004128152745,NMILTON,12:24,12:24,12:23:30,,12:24:30,,,false,,,,,,false,12:23,,12:23,,
202004128152745,HINTONA,,,,12:26,,,,,,,false,,,,,12:26,,,
202004128152745,CHRISTC,,,,12:30,,,,,,,false,,,,,12:29,,,
202004128152745,BOMO,12:34,12:39,12:34,,12:39,,,false,,,,,,false,12:33,,12:38,,
202004128152745,BRANKSM,12:44,12:44,12:43:30,,12:44,,,false,,,,,,false,12:43,,12:44,,
202004128152745,PSTONE,12:47,12:47,12:46:30,,12:47,,,false,,,,,,false,12:46,,12:47,,
202004128152745,POOLE,12:50,12:51,12:50,,12:51:30,,,false,,,,,,false,12:50,,12:51,,
202004128152745,HMWTHY,12:56,12:56,12:55:30,,12:56:30,,,false,,,,,,false,12:54,,12:56,,
202004128152745,HOLTONH,,,,12:59,,,,,,,false,,,,,12:59,,,
202004128152745,WARHAM,13:02,13:03,13:02,,13:03:30,,,false,,,,,,false,13:02,,13:03,,
202004128152745,WOOL,13:09,13:10,13:09,,13:10,,,false,,,,,,false,13:08,,13:10,,
202004128152745,MORETON,13:16,13:16,13:15:30,,13:16:30,,,false,,,,,,false,13:13,,13:14,,
202004128152745,DRCHS,13:23,13:24,13:23,,13:24:30,,,false,,,,,,false,13:22,,13:23,,
202004128152745,DRCHJN,,,,13:25:30,,,,,13:24,,false,,,,,,,,
202004128152745,UPWEY,13:31,13:31,13:30:30,,13:31,,,false,,,,,,false,13:30,,13:32,,
202004128152745,WEYMTH,13:35,,13:35,,,,,false,,,,,,,13:34,,,,
202004128152747,WATRLMN,,11:35,,,11:35,,,,,,,,,false,,,11:34,,
202004128152747,NINELMJ,,,,11:39,,,,,,,false,,,,,11:38,,,
202004128152747,VAUXHLM,,,,11:37,,,,,,,false,,,,,11:38,,,
202004128152747,QTRDBAT,,,,11:40:30,,,,,,,false,,,,,11:40,,,
202004128152747,CLPHMJM,,11:45,11:44,,11:45,,,false,,,,,,false,11:43,,11:45,,
202004128152747,ERLFLD,,,,11:48,,,,,,,false,,,,,11:47,,,
202004128152747,WDON,,,,11:52,,,,,,,false,,,,,11:49,,,
202004128152747,WDONWJ,,,,11:53,,,,,11:50,,false,,,,,,,,
202004128152747,NEWMLDN,,,,11:55:30,,,,,,,false,,,,,11:53,,,
202004128152747,BRLANDS,,,,11:56,,,,,,,false,,,,,11:53,,,
202004128152747,SURBITN,,,,11:57:30,,,,,,,false,,,,,11:54,,,
202004128152747,HCRTJN,,,,11:58:30,,,,,,,false,,,,,11:55,,,
202004128152747,ESHER,,,,11:59,,,,,,,false,,,,,11:55,,,
202004128152747,HERSHAM,,,,12:00,,,,,,,false,,,,,11:56,,,
202004128152747,WONT,,,,12:01,,,,,,,false,,,,,11:57,,,
202004128152747,WEYBDGE,,,,12:02,,,,,,,false,,,,,11:58,,,
202004128152747,BYFLANH,,,,12:03,,,,,11:59,,false,,,,,,,,
202004128152747,WBYFLET,,,,12:04,,,,,,,false,,,,,11:59,,,
202004128152747,WOKING,12:07,12:08,12:07,,12:08:30,,,false,,,,,,false,12:03,,12:07,,
202004128152747,WOKINGJ,,,,12:09:30,,,,,,,false,,,,,12:08,,,
202004128152747,FRBRMN,,,,12:15:30,,,,,,,false,,,,,12:14,,,
202004128152747,FLEET,,,,12:17,,,,,,,false,,,,,12:16,,,
202004128152747,WNCFILD,,,,12:20,,,,,,,false,,,,,12:18,,,
202004128152747,HOOK,,,,12:21,,,,,,,false,,,,,12:20,,,
202004128152747,BSNGSTK,12:26,12:28,12:26,,12:28,,,false,,,,,,false,12:25,,12:27,,
202004128152747,WRTINGJ,,,,12:31:30,,,,,,,false,,,,,12:31,,,
202004128152747,MCHLDVR,,,,12:37,,,,,,,false,,,,,12:37,,,
202004128152747,WALRSAL,,,,12:39:30,,,,,12:40,,false,,,,,,,,
202004128152747,WNCHSTR,12:43,12:44,12:43,,12:44:30,,,false,,,,,,false,12:43,,12:44,,
202004128152747,SHAWFDJ,,,,12:47:30,,,,,12:47,,false,,,,,,,,
202004128152747,SHAWFD,,,,12:48,,,,,,,false,,,,,12:48,,,
202004128152747,ELGH,,,,12:50:30,,,,,,,false,,,,,12:50,,,
202004128152747,SOTPKWY,12:52,12:53,12:52,,12:53:30,,,false,,,,,,false,12:53,,12:54,,
202004128152747,SWYTHLN,,,,12:54,,,,,,,false,,,,,12:55,,,
202004128152747,STDENYS,,,,12:56:30,,,,,,,false,,,,,12:57,,,
202004128152747,NTHMJN,,,,12:57:30,,,,,,,false,,,,,12:58,,,
202004128152747,SOTON,13:00,13:03,13:00,,13:03,,,false,,,,,,false,13:00,,13:02,,
202004128152747,REDBDGE,,,,13:06:30,,,,,,,false,,,,,13:05,,,
202004128152747,TOTTON,,,,13:07,,,,,,,false,,,,,13:07,,,
202004128152747,LYNDHRD,,,,13:09,,,,,,,false,,,,,13:09,,,
202004128152747,BLIEURD,,,,13:11,,,,,,,false,,,,,13:11,,,
202004128152747,BKNHRST,13:16,13:17,13:16,,13:17:30,,,false,,,,,,false,13:15,,13:16,,
202004128152747,SWAY,,,,13:20,,,,,,,false,,,,,13:20,,,
202004128152747,NMILTON,13:24,13:24,13:23:30,,13:24:30,,,false,,,,,,false,13:22,,13:23,,
202004128152747,HINTONA,,,,13:26,,,,,,,false,,,,,13:26,,,
202004128152747,CHRISTC,,,,13:30,,,,,,,false,,,,,13:32,,,
202004128152747,BOMO,13:34,13:39,13:34,,13:39,,,false,,,,,,false,13:36,,13:40,,
202004128152747,BRANKSM,13:44,13:44,13:43:30,,13:44,,,false,,,,,,false,13:45,,13:45,,
202004128152747,PSTONE,13:47,13:47,13:46:30,,13:47,,,false,,,,,,false,13:48,,13:49,,
202004128152747,POOLE,13:50,13:51,13:50,,13:51:30,,,false,,,,,,false,13:52,,13:53,,
202004128152747,HMWTHY,13:56,13:56,13:55:30,,13:56:30,,,false,,,,,,false,13:56,,13:58,,
202004128152747,HOLTONH,,,,13:59,,,,,,,false,,,,,14:00,,,
202004128152747,WARHAM,14:02,14:03,14:02,,14:03:30,,,false,,,,,,false,14:03,,14:04,,
202004128152747,WOOL,14:09,14:10,14:09,,14:10,,,false,,,,,,false,14:08,,14:09,,
202004128152747,MORETON,14:16,14:16,14:15:30,,14:16:30,,,false,,,,,,false,14:13,,14:14,,
202004128152747,DRCHS,14:23,14:24,14:23,,14:24:30,,,false,,,,,,false,14:21,,14:23,,
202004128152747,DRCHJN,,,,14:25:30,,,,,14:24,,false,,,,,,,,
202004128152747,UPWEY,14:31,14:31,14:30:30,,14:31,,,false,,,,,,false,14:30,,14:31,,
202004128152747,WEYMTH,14:35,,14:35,,,,,false,,,,,,,14:33,,,,
202004128152749,WATRLMN,,13:35,,,13:35,,,,,,,,,false,,,13:34,,
202004128152749,VAUXHLM,,,,13:37,,,,,,,false,,,,,13:37,,,
202004128152749,CLPHMJM,,13:42,13:41:30,,13:42:30,,,false,,,,,,false,13:41,,13:42,,
202004128152749,ERLFLD,,,,13:46,,,,,13:44,,false,,,,,,,,
202004128152749,WDON,,,,13:50:30,,,,,,,false,,,,,13:46,,,
202004128152749,RAYNSPK,,,,13:52,,,,,13:47,,false,,,,,,,,
202004128152749,NEWMLDN,,,,13:54,,,,,,,false,,,,,13:48,,,
202004128152749,BRLANDS,,,,13:55,,,,,,,false,,,,,13:48,,,
202004128152749,SURBITN,,,,13:56,,,,,,,false,,,,,13:49,,,
202004128152749,HCRTJN,,,,13:57,,,,,,,false,,,,,13:50,,,
202004128152749,ESHER,,,,13:57:30,,,,,,,false,,,,,13:51,,,
202004128152749,HERSHAM,,,,13:58,,,,,,,false,,,,,13:52,,,
202004128152749,WONT,,,,13:59,,,,,,,false,,,,,13:53,,,
202004128152749,WEYBDGE,,,,14:01,,,,,,,false,,,,,13:54,,,
202004128152749,BYFLANH,,,,14:02,,,,,13:55,,false,,,,,,,,
202004128152749,WBYFLET,,,,14:03,,,,,,,false,,,,,13:55,,,
202004128152749,WOKING,14:06,14:07,14:05:30,,14:07:30,,,false,,,,,,false,14:00,,14:06,,
202004128152749,WOKINGJ,,,,14:08:30,,,,,,,false,,,,,14:07,,,
202004128152749,FRBRMN,,,,14:15,,,,,,,false,,,,,14:13,,,
202004128152749,FLEET,,,,14:17,,,,,,,false,,,,,14:15,,,
202004128152749,WNCFILD,,,,14:19,,,,,,,false,,,,,14:17,,,
202004128152749,HOOK,,,,14:21,,,,,,,false,,,,,14:19,,,
202004128152749,BSNGSTK,14:26,14:28,14:25:30,,14:28,,,false,,,,,,false,14:24,,14:27,,
202004128152749,WRTINGJ,,,,14:31:30,,,,,,,false,,,,,14:30,,,
202004128152749,MCHLDVR,,,,14:37,,,,,,,false,,,,,14:36,,,
202004128152749,WALRSAL,,,,14:39:30,,,,,14:38,,false,,,,,,,,
202004128152749,WNCHSTR,14:43,14:44,14:43,,14:44:30,,,false,,,,,,false,14:41,,14:43,,
202004128152749,SHAWFDJ,,,,14:47:30,,,,,14:46,,false,,,,,,,,
202004128152749,SHAWFD,,,,14:48,,,,,,,false,,,,,14:47,,,
202004128152749,ELGH,,,,14:50:30,,,,,,,false,,,,,14:49,,,
202004128152749,SOTPKWY,14:52,14:53,14:52,,14:53:30,,,false,,,,,,false,14:52,,14:53,,
202004128152749,SWYTHLN,,,,14:54,,,,,,,false,,,,,14:54,,,
202004128152749,STDENYS,,,,14:56:30,,,,,,,false,,,,,14:56,,,
202004128152749,NTHMJN,,,,14:57:30,,,,,,,false,,,,,14:57,,,
202004128152749,SOTON,15:00,15:03,15:00,,15:03,,,false,,,,,,false,14:59,,15:02,,
202004128152749,REDBDGE,,,,15:06:30,,,,,,,false,,,,,15:05,,,
202004128152749,TOTTON,,,,15:07,,,,,,,false,,,,,15:07,,,
202004128152749,LYNDHRD,,,,15:09,,,,,,,false,,,,,15:09,,,
202004128152749,BLIEURD,,,,15:11,,,,,,,false,,,,,15:11,,,
202004128152749,BKNHRST,15:16,15:17,15:16,,15:17:30,,,false,,,,,,false,15:15,,15:16,,
202004128152749,SWAY,,,,15:20,,,,,,,false,,,,,15:20,,,
202004128152749,NMILTON,15:24,15:24,15:23:30,,15:24:30,,,false,,,,,,false,15:22,,15:23,,
202004128152749,HINTONA,,,,15:26,,,,,,,false,,,,,15:25,,,
202004128152749,CHRISTC,,,,15:30,,,,,,,false,,,,,15:29,,,
202004128152749,BOMO,15:34,15:39,15:34,,15:39,,,false,,,,,,false,15:33,,15:38,,
202004128152749,BRANKSM,15:44,15:44,15:43:30,,15:44,,,false,,,,,,false,15:43,,15:43,,
202004128152749,PSTONE,15:47,15:47,15:46:30,,15:47,,,false,,,,,,false,15:46,,15:47,,
202004128152749,POOLE,15:50,15:51,15:50,,15:51:30,,,false,,,,,,false,15:50,,15:50,,
202004128152749,HMWTHY,15:56,15:56,15:55:30,,15:56:30,,,false,,,,,,false,15:53,,15:56,,
202004128152749,HOLTONH,,,,15:59,,,,,,,false,,,,,15:58,,,
202004128152749,WARHAM,16:02,16:03,16:02,,16:03:30,,,false,,,,,,false,16:00,,16:02,,
202004128152749,WOOL,16:09,16:10,16:09,,16:10,,,false,,,,,,false,16:07,,16:09,,
202004128152749,MORETON,16:16,16:16,16:15:30,,16:16:30,,,false,,,,,,false,16:13,,16:14,,
202004128152749,DRCHS,16:23,16:24,16:23,,16:24:30,,,false,,,,,,false,16:21,,16:23,,
202004128152749,DRCHJN,,,,16:25:30,,,,,16:24,,false,,,,,,,,
202004128152749,UPWEY,16:31,16:31,16:30:30,,16:31,,,false,,,,,,false,16:30,,16:31,,
202004128152749,WEYMTH,16:35,,16:35,,,,,false,,,,,,,16:33,,,,
202004128152751,WATRLMN,,14:35,,,14:35,,,,,,,,,false,,,14:34,,
202004128152751,VAUXHLM,,,,14:37,,,,,,,false,,,,,14:37,,,
202004128152751,CLPHMJM,,14:42,14:41:30,,14:42:30,,,false,,,,,,false,14:41,,14:42,,
202004128152751,ERLFLD,,,,14:46,,,,,14:44,,false,,,,,,,,
202004128152751,WDON,,,,14:50:30,,,,,,,false,,,,,14:46,,,
202004128152751,RAYNSPK,,,,14:52,,,,,14:47,,false,,,,,,,,
202004128152751,NEWMLDN,,,,14:54,,,,,,,false,,,,,14:48,,,
202004128152751,BRLANDS,,,,14:55,,,,,,,false,,,,,14:48,,,
202004128152751,SURBITN,,,,14:56,,,,,,,false,,,,,14:49,,,
202004128152751,HCRTJN,,,,14:57,,,,,,,false,,,,,14:50,,,
202004128152751,ESHER,,,,14:57:30,,,,,,,false,,,,,14:51,,,
202004128152751,HERSHAM,,,,14:58,,,,,,,false,,,,,14:52,,,
202004128152751,WONT,,,,14:59,,,,,,,false,,,,,14:53,,,
202004128152751,WEYBDGE,,,,15:01,,,,,,,false,,,,,14:54,,,
202004128152751,BYFLANH,,,,15:02,,,,,14:55,,false,,,,,,,,
202004128152751,WBYFLET,,,,15:03,,,,,,,false,,,,,14:55,,,
202004128152751,WOKING,15:06,15:07,15:05:30,,15:07:30,,,false,,,,,,false,15:00,,15:06,,
202004128152751,WOKINGJ,,,,15:08:30,,,,,,,false,,,,,15:07,,,
202004128152751,FRBRMN,,,,15:15,,,,,,,false,,,,,15:13,,,
202004128152751,FLEET,,,,15:17,,,,,,,false,,,,,15:15,,,
202004128152751,WNCFILD,,,,15:19,,,,,,,false,,,,,15:17,,,
202004128152751,HOOK,,,,15:21,,,,,,,false,,,,,15:19,,,
202004128152751,BSNGSTK,15:26,15:28,15:25:30,,15:28,,,false,,,,,,false,15:24,,15:27,,
202004128152751,WRTINGJ,,,,15:31:30,,,,,,,false,,,,,15:30,,,
202004128152751,MCHLDVR,,,,15:37,,,,,,,false,,,,,15:36,,,
202004128152751,WALRSAL,,,,15:39:30,,,,,15:38,,false,,,,,,,,
202004128152751,WNCHSTR,15:43,15:44,15:43,,15:44:30,,,false,,,,,,false,15:41,,15:43,,
202004128152751,SHAWFDJ,,,,15:47:30,,,,,15:46,,false,,,,,,,,
202004128152751,SHAWFD,,,,15:48,,,,,,,false,,,,,15:47,,,
202004128152751,ELGH,,,,15:50:30,,,,,,,false,,,,,15:49,,,
202004128152751,SOTPKWY,15:52,15:53,15:52,,15:53:30,,,false,,,,,,false,15:52,,15:53,,
202004128152751,SWYTHLN,,,,15:54,,,,,,,false,,,,,15:54,,,
202004128152751,STDENYS,,,,15:56:30,,,,,,,false,,,,,15:56,,,
202004128152751,NTHMJN,,,,15:57:30,,,,,,,false,,,,,15:57,,,
202004128152751,SOTON,16:00,16:03,16:00,,16:03,,,false,,,,,,false,15:59,,16:02,,
202004128152751,REDBDGE,,,,16:06:30,,,,,,,false,,,,,16:06,,,
202004128152751,TOTTON,,,,16:07,,,,,,,false,,,,,16:07,,,
202004128152751,LYNDHRD,,,,16:09,,,,,,,false,,,,,16:10,,,
202004128152751,BLIEURD,,,,16:11,,,,,,,false,,,,,16:11,,,
202004128152751,BKNHRST,16:16,16:17,16:16,,16:17:30,,,false,,,,,,false,16:15,,16:16,,
202004128152751,SWAY,,,,16:20,,,,,,,false,,,,,16:20,,,
202004128152751,NMILTON,16:24,16:24,16:23:30,,16:24:30,,,false,,,,,,false,16:22,,16:23,,
202004128152751,HINTONA,,,,16:26,,,,,,,false,,,,,16:26,,,
202004128152751,CHRISTC,,,,16:30,,,,,,,false,,,,,16:29,,,
202004128152751,BOMO,16:34,16:39,16:34,,16:39,,,false,,,,,,false,16:33,,16:38,,
202004128152751,BRANKSM,16:44,16:44,16:43:30,,16:44,,,false,,,,,,false,16:43,,16:44,,
202004128152751,PSTONE,16:47,16:47,16:46:30,,16:47,,,false,,,,,,false,16:46,,16:47,,
202004128152751,POOLE,16:50,16:51,16:50,,16:51:30,,,false,,,,,,false,16:50,,16:51,,
202004128152751,HMWTHY,16:56,16:56,16:55:30,,16:56:30,,,false,,,,,,false,16:55,,16:56,,
202004128152751,HOLTONH,,,,16:59,,,,,,,false,,,,,16:59,,,
202004128152751,WARHAM,17:02,17:03,17:02,,17:03:30,,,false,,,,,,false,17:02,,17:03,,
202004128152751,WOOL,17:09,17:10,17:09,,17:10,,,false,,,,,,false,17:07,,17:09,,
202004128152751,MORETON,17:16,17:16,17:15:30,,17:16:30,,,false,,,,,,false,17:13,,17:14,,
202004128152751,DRCHS,17:23,17:24,17:23,,17:24:30,,,false,,,,,,false,17:22,,17:23,,
202004128152751,DRCHJN,,,,17:25:30,,,,,17:24,,false,,,,,,,,
202004128152751,UPWEY,17:31,17:31,17:30:30,,17:31,,,false,,,,,,false,17:30,,17:31,,
202004128152751,WEYMTH,17:35,,17:35,,,,,false,,,,,,,17:34,,,,
202004128152753,WATRLMN,,15:35,,,15:35,,,,,,,,,false,,,15:34,,
202004128152753,VAUXHLM,,,,15:37,,,,,,,false,,,,,15:37,,,
202004128152753,CLPHMJM,,15:42,15:41:30,,15:42:30,,,false,,,,,,false,15:41,,15:42,,
202004128152753,ERLFLD,,,,15:46,,,,,15:44,,false,,,,,,,,
202004128152753,WDON,,,,15:50:30,,,,,,,false,,,,,15:46,,,
202004128152753,RAYNSPK,,,,15:52,,,,,15:47,,false,,,,,,,,
202004128152753,NEWMLDN,,,,15:54,,,,,,,false,,,,,15:48,,,
202004128152753,BRLANDS,,,,15:55,,,,,,,false,,,,,15:48,,,
202004128152753,SURBITN,,,,15:56,,,,,,,false,,,,,15:49,,,
202004128152753,HCRTJN,,,,15:57,,,,,,,false,,,,,15:50,,,
202004128152753,ESHER,,,,15:57:30,,,,,,,false,,,,,15:50,,,
202004128152753,HERSHAM,,,,15:58,,,,,,,false,,,,,15:51,,,
202004128152753,WONT,,,,15:59,,,,,,,false,,,,,15:52,,,
202004128152753,WEYBDGE,,,,16:01,,,,,,,false,,,,,15:53,,,
202004128152753,BYFLANH,,,,16:02,,,,,15:54,,false,,,,,,,,
202004128152753,WBYFLET,,,,16:03,,,,,,,false,,,,,15:55,,,
202004128152753,WOKING,16:06,16:07,16:05:30,,16:07:30,,,false,,,,,,false,16:00,,16:06,,
202004128152753,WOKINGJ,,,,16:08:30,,,,,,,false,,,,,16:07,,,
202004128152753,FRBRMN,,,,16:15,,,,,,,false,,,,,16:13,,,
202004128152753,FLEET,,,,16:17,,,,,,,false,,,,,16:16,,,
202004128152753,WNCFILD,,,,16:19,,,,,,,false,,,,,16:18,,,
202004128152753,HOOK,,,,16:21,,,,,,,false,,,,,16:19,,,
202004128152753,BSNGSTK,16:26,16:28,16:25:30,,16:28,,,false,,,,,,false,16:24,,16:27,,
202004128152753,WRTINGJ,,,,16:31:30,,,,,,,false,,,,,16:30,,,
202004128152753,MCHLDVR,,,,16:37,,,,,,,false,,,,,16:36,,,
202004128152753,WALRSAL,,,,16:39:30,,,,,16:38,,false,,,,,,,,
202004128152753,WNCHSTR,16:43,16:44,16:43,,16:44:30,,,false,,,,,,false,16:42,,16:43,,
202004128152753,SHAWFDJ,,,,16:47:30,,,,,16:46,,false,,,,,,,,
202004128152753,SHAWFD,,,,16:48,,,,,,,false,,,,,16:47,,,
202004128152753,ELGH,,,,16:50:30,,,,,,,false,,,,,16:49,,,
202004128152753,SOTPKWY,16:52,16:53,16:52,,16:53:30,,,false,,,,,,false,16:53,,16:54,,
202004128152753,SWYTHLN,,,,16:54,,,,,,,false,,,,,16:55,,,
202004128152753,STDENYS,,,,16:56:30,,,,,,,false,,,,,16:57,,,
202004128152753,NTHMJN,,,,16:57:30,,,,,,,false,,,,,16:58,,,
202004128152753,SOTON,17:00,17:03,17:00,,17:03,,,false,,,,,,false,17:00,,17:02,,
202004128152753,REDBDGE,,,,17:06:30,,,,,,,false,,,,,17:06,,,
202004128152753,TOTTON,,,,17:07,,,,,,,false,,,,,17:07,,,
202004128152753,LYNDHRD,,,,17:09,,,,,,,false,,,,,17:10,,,
202004128152753,BLIEURD,,,,17:11,,,,,,,false,,,,,17:12,,,
202004128152753,BKNHRST,17:16,17:17,17:16,,17:17:30,,,false,,,,,,false,17:16,,17:17,,
202004128152753,SWAY,,,,17:20,,,,,,,false,,,,,17:20,,,
202004128152753,NMILTON,17:24,17:24,17:23:30,,17:24:30,,,false,,,,,,false,17:23,,17:24,,
202004128152753,HINTONA,,,,17:26,,,,,,,false,,,,,17:26,,,
202004128152753,CHRISTC,,,,17:30,,,,,,,false,,,,,17:29,,,
202004128152753,BOMO,17:34,17:39,17:34,,17:39,,,false,,,,,,false,17:35,,17:38,,
202004128152753,BRANKSM,17:44,17:44,17:43:30,,17:44,,,false,,,,,,false,17:43,,17:43,,
202004128152753,PSTONE,17:47,17:47,17:46:30,,17:47,,,false,,,,,,false,17:46,,17:47,,
202004128152753,POOLE,17:50,17:51,17:50,,17:51:30,,,false,,,,,,false,17:50,,17:51,,
202004128152753,HMWTHY,17:56,17:56,17:55:30,,17:56:30,,,false,,,,,,false,17:54,,17:56,,
202004128152753,HOLTONH,,,,17:59,,,,,,,false,,,,,17:58,,,
202004128152753,WARHAM,18:02,18:03,18:02,,18:03:30,,,false,,,,,,false,18:00,,18:03,,
202004128152753,WOOL,18:09,18:10,18:09,,18:10,,,false,,,,,,false,18:07,,18:09,,
202004128152753,MORETON,18:16,18:16,18:15:30,,18:16:30,,,false,,,,,,false,18:13,,18:14,,
202004128152753,DRCHS,18:23,18:24,18:23,,18:24:30,,,false,,,,,,false,18:21,,18:23,,
202004128152753,DRCHJN,,,,18:25:30,,,,,18:24,,false,,,,,,,,
202004128152753,UPWEY,18:31,18:31,18:30:30,,18:31,,,false,,,,,,false,18:30,,18:31,,
202004128152753,WEYMTH,18:35,,18:35,,,,,false,,,,,,,18:34,,,,
